-- --------------------------------------------------------
-- 主机:                           localhost
-- 服务器版本:                        5.7.18 - MySQL Community Server (GPL)
-- 服务器操作系统:                      Win64
-- HeidiSQL 版本:                  9.4.0.5125
-- --------------------------------------------------------

/*!40101 SET @OLD_CHARACTER_SET_CLIENT=@@CHARACTER_SET_CLIENT */;
/*!40101 SET NAMES utf8 */;
/*!50503 SET NAMES utf8mb4 */;
/*!40014 SET @OLD_FOREIGN_KEY_CHECKS=@@FOREIGN_KEY_CHECKS, FOREIGN_KEY_CHECKS=0 */;
/*!40101 SET @OLD_SQL_MODE=@@SQL_MODE, SQL_MODE='NO_AUTO_VALUE_ON_ZERO' */;


-- 导出 investment 的数据库结构
CREATE DATABASE IF NOT EXISTS `investment` /*!40100 DEFAULT CHARACTER SET utf8 */;
USE `investment`;

-- 导出  表 investment.bank_card 结构
CREATE TABLE IF NOT EXISTS `bank_card` (
  `id` bigint(20) NOT NULL AUTO_INCREMENT,
  `user_id` bigint(20) DEFAULT NULL COMMENT '用户ID',
  `card_type` int(2) DEFAULT NULL COMMENT '银行卡类型##默认选中储蓄卡，目前仅“储蓄卡”##{provider:"cardTypeProvider", data:[{value:1,text:"储蓄卡"},{value:2, text:"信用卡"}]}',
  `account_name` varchar(20) DEFAULT NULL COMMENT '开户名',
  `id_number` varchar(40) DEFAULT NULL COMMENT '身份证号',
  `subbranch` varchar(40) DEFAULT NULL COMMENT '所属支行##选填，允许5-50位汉字、字母和数字，不允许特殊',
  `card_number` varchar(30) DEFAULT NULL COMMENT '银行卡号##允许填写8-30位纯数字',
  `bank` varchar(50) DEFAULT NULL COMMENT '开户行##数据字典:中国银行，建设银行，招商银行##',
  `is_default` int(2) DEFAULT NULL COMMENT '是否默认##{provider:"YesOrNoProvider"}',
  `is_depository` int(2) DEFAULT NULL COMMENT '是否存管帐户##{provider:"YesOrNoProvider"}',
  `add_time` timestamp NULL DEFAULT CURRENT_TIMESTAMP COMMENT '添加时间',
  PRIMARY KEY (`id`)
) ENGINE=InnoDB AUTO_INCREMENT=7 DEFAULT CHARSET=utf8 COMMENT='银行卡信息';

-- 正在导出表  investment.bank_card 的数据：~5 rows (大约)
/*!40000 ALTER TABLE `bank_card` DISABLE KEYS */;
INSERT INTO `bank_card` (`id`, `user_id`, `card_type`, `account_name`, `id_number`, `subbranch`, `card_number`, `bank`, `is_default`, `is_depository`, `add_time`) VALUES
	(1, 1, 1, '王宓', '510105198206122016', '成都市金沙支行', '6225881280735613', 'CMBC', 1, 0, '2018-01-19 15:59:12'),
	(2, 1, 1, '王宓', '510105198206122016', '金沙支行', '6226090282081336', 'CMBC', 0, 0, '2018-01-19 17:02:02'),
	(3, 2, 1, '田恬', '510104198210193160', NULL, '6227003818230186525', 'CBC', 1, 0, '2018-01-27 18:03:54'),
	(4, 2, 1, '田恬', '510104198210193160', NULL, '6231561600027139', 'CEB', 0, 0, '2018-01-27 18:06:26'),
	(5, 181, 1, '刘世钰', '510103195504021364', NULL, '6222024402063138436', 'ICBC', 1, 0, '2018-01-27 18:08:00');
/*!40000 ALTER TABLE `bank_card` ENABLE KEYS */;

-- 导出  表 investment.biz_number 结构
CREATE TABLE IF NOT EXISTS `biz_number` (
  `id` bigint(20) NOT NULL AUTO_INCREMENT,
  `type` varchar(50) NOT NULL,
  `value` bigint(20) NOT NULL DEFAULT '1',
  `memo` varchar(100) DEFAULT NULL,
  `version` varchar(20) DEFAULT '1',
  PRIMARY KEY (`id`)
) ENGINE=InnoDB AUTO_INCREMENT=2 DEFAULT CHARSET=utf8 COMMENT='记录所有业务的编号\r\n如：\r\n回访编号:HF201712080001\r\n';

-- 正在导出表  investment.biz_number 的数据：~0 rows (大约)
/*!40000 ALTER TABLE `biz_number` DISABLE KEYS */;
INSERT INTO `biz_number` (`id`, `type`, `value`, `memo`, `version`) VALUES
	(1, 'CUSTOMER_VISIT_CODE', 201712280050, '客户回访编号', '1');
/*!40000 ALTER TABLE `biz_number` ENABLE KEYS */;

-- 导出  表 investment.data_auth 结构
CREATE TABLE IF NOT EXISTS `data_auth` (
  `id` bigint(20) NOT NULL AUTO_INCREMENT,
  `type` varchar(20) NOT NULL COMMENT '数据权限分类##这个由具体的业务系统确定',
  `data_id` varchar(50) NOT NULL COMMENT '数据权限ID##业务编号',
  `name` varchar(50) NOT NULL COMMENT '名称',
  `parent_data_id` bigint(20) NOT NULL DEFAULT '0' COMMENT '父级数据ID##外键，关联父级数据权限',
  PRIMARY KEY (`id`)
) ENGINE=InnoDB DEFAULT CHARSET=utf8 COMMENT='数据权限';

-- 正在导出表  investment.data_auth 的数据：~0 rows (大约)
/*!40000 ALTER TABLE `data_auth` DISABLE KEYS */;
/*!40000 ALTER TABLE `data_auth` ENABLE KEYS */;

-- 导出  表 investment.data_dictionary 结构
CREATE TABLE IF NOT EXISTS `data_dictionary` (
  `id` bigint(20) NOT NULL AUTO_INCREMENT,
  `code` varchar(50) DEFAULT NULL,
  `name` varchar(50) DEFAULT NULL,
  `notes` varchar(255) DEFAULT NULL,
  `created` timestamp NOT NULL DEFAULT CURRENT_TIMESTAMP COMMENT '创建时间',
  `modified` timestamp NOT NULL DEFAULT CURRENT_TIMESTAMP ON UPDATE CURRENT_TIMESTAMP COMMENT '修改时间',
  `yn` int(4) DEFAULT '1' COMMENT '是否可用##{provider:"YnProvider"}',
  PRIMARY KEY (`id`)
) ENGINE=InnoDB AUTO_INCREMENT=6 DEFAULT CHARSET=utf8 COMMENT='数据字典\r\n例:\r\n系统图片:IMAGE_CODE';

-- 正在导出表  investment.data_dictionary 的数据：~5 rows (大约)
/*!40000 ALTER TABLE `data_dictionary` DISABLE KEYS */;
INSERT INTO `data_dictionary` (`id`, `code`, `name`, `notes`, `created`, `modified`, `yn`) VALUES
	(1, 'data_auth_type', '数据权限类型', '数据权限类型', '2017-10-27 10:02:42', '2017-11-13 11:18:40', 1),
	(2, 'system', '系统', '系统', '2017-11-13 11:23:05', '2018-01-19 15:54:51', 1),
	(3, 'priority', '优先级', '优先级', '2017-11-21 15:57:18', '2018-01-19 15:54:52', 1),
	(4, 'bank', '开户行', '开户行', '2018-01-19 14:47:53', '2018-01-19 15:54:53', 1),
	(5, 'security_level', '安全级别', '投资平台安全级别', '2018-01-19 20:10:11', '2018-01-19 20:14:41', 1);
/*!40000 ALTER TABLE `data_dictionary` ENABLE KEYS */;

-- 导出  表 investment.data_dictionary_value 结构
CREATE TABLE IF NOT EXISTS `data_dictionary_value` (
  `id` bigint(20) NOT NULL AUTO_INCREMENT,
  `parent_id` bigint(20) DEFAULT NULL COMMENT '上级id',
  `dd_id` bigint(20) DEFAULT NULL COMMENT '数据字典id',
  `order_number` int(11) DEFAULT NULL COMMENT '排序号',
  `code` varchar(255) DEFAULT NULL COMMENT '编码',
  `value` varchar(255) DEFAULT NULL,
  `notes` varchar(255) DEFAULT NULL COMMENT '备注',
  `period_begin` timestamp NOT NULL DEFAULT CURRENT_TIMESTAMP ON UPDATE CURRENT_TIMESTAMP COMMENT '启用时间',
  `period_end` timestamp NULL DEFAULT NULL COMMENT '停用时间',
  `created` timestamp NOT NULL DEFAULT CURRENT_TIMESTAMP COMMENT '创建时间',
  `modified` timestamp NOT NULL DEFAULT CURRENT_TIMESTAMP ON UPDATE CURRENT_TIMESTAMP COMMENT '修改时间',
  `yn` int(4) DEFAULT '1' COMMENT '是否可用##{provider:"YnProvider", data:[{value:0,text:"不可用"},{value:1, text:"可用"}]}',
  PRIMARY KEY (`id`)
) ENGINE=InnoDB AUTO_INCREMENT=185 DEFAULT CHARSET=utf8 COMMENT='数据字典值';

-- 正在导出表  investment.data_dictionary_value 的数据：~31 rows (大约)
/*!40000 ALTER TABLE `data_dictionary_value` DISABLE KEYS */;
INSERT INTO `data_dictionary_value` (`id`, `parent_id`, `dd_id`, `order_number`, `code`, `value`, `notes`, `period_begin`, `period_end`, `created`, `modified`, `yn`) VALUES
	(31, NULL, 3, 1, '最高', 'highest', '最高', '2018-01-19 15:55:14', NULL, '2017-11-21 17:14:17', '2018-01-19 15:55:14', 1),
	(32, NULL, 3, 2, '高', 'high', '高', '2018-01-19 15:55:16', NULL, '2017-11-21 17:14:47', '2018-01-19 15:55:16', 1),
	(33, NULL, 3, 3, '常规', 'normal', '常规', '2018-01-19 15:55:17', NULL, '2017-11-21 17:15:02', '2018-01-19 15:55:17', 1),
	(34, NULL, 3, 4, '低', 'low', '低', '2018-01-19 15:55:18', NULL, '2017-11-21 17:15:23', '2018-01-19 15:55:18', 1),
	(35, NULL, 2, 1, '投资理财管理系统', 'invest', '投资理财管理系统', '2018-01-19 16:34:02', NULL, '2017-11-13 14:40:31', '2018-01-19 16:34:02', 1),
	(159, NULL, 4, 2, '中国建设银行', 'CBC', '中国建设银行', '2018-01-19 15:55:52', NULL, '2018-01-19 14:49:10', '2018-01-19 15:55:52', 1),
	(160, NULL, 4, 1, '中国银行', 'BC', '中国银行', '2018-01-19 15:55:52', NULL, '2018-01-19 14:50:47', '2018-01-19 15:55:52', 1),
	(161, NULL, 4, 3, '中国农业银行', 'ABC', '中国农业银行', '2018-01-19 15:55:52', NULL, '2018-01-19 14:51:02', '2018-01-19 15:55:52', 1),
	(162, NULL, 4, 4, '中国工商银行', 'ICBC', '中国工商银行', '2018-01-19 15:55:52', NULL, '2018-01-19 14:51:19', '2018-01-19 15:55:52', 1),
	(163, NULL, 4, 5, '民生银行', 'CMSB', '民生银行', '2018-01-19 15:55:52', NULL, '2018-01-19 14:51:46', '2018-01-19 15:55:52', 1),
	(164, NULL, 4, 6, '招商银行', 'CMBC', '招商银行', '2018-01-19 15:55:52', NULL, '2018-01-19 14:52:07', '2018-01-19 15:55:52', 1),
	(165, NULL, 4, 7, '兴业银行', 'CIB', '兴业银行', '2018-01-19 15:55:52', NULL, '2018-01-19 14:52:37', '2018-01-19 15:55:52', 1),
	(166, NULL, 4, 8, '汇丰银行', 'HSBC', '汇丰银行', '2018-01-19 15:55:52', NULL, '2018-01-19 14:53:06', '2018-01-19 15:55:52', 1),
	(167, NULL, 4, 9, '国家开发银行', 'CDB', '国家开发银行', '2018-01-19 15:55:52', NULL, '2018-01-19 14:53:34', '2018-01-19 15:55:52', 1),
	(168, NULL, 4, 10, '北京市商业银行', 'BOB', '北京市商业银行', '2018-01-19 15:55:52', NULL, '2018-01-19 14:54:08', '2018-01-19 15:55:52', 1),
	(169, NULL, 4, 11, '中信银行', 'CCB', '中信银行', '2018-01-19 15:55:52', NULL, '2018-01-19 14:54:49', '2018-01-19 15:55:52', 1),
	(170, NULL, 4, 12, '中国光大银行', 'CEB', '中国光大银行', '2018-01-19 15:55:52', NULL, '2018-01-19 14:55:04', '2018-01-19 15:55:52', 1),
	(171, NULL, 4, 13, '上海浦东发展银行', 'SPDB', '上海浦东发展银行', '2018-01-19 15:55:52', NULL, '2018-01-19 14:55:27', '2018-01-19 15:55:52', 1),
	(172, NULL, 4, 14, '交通银行', 'BCM', '交通银行', '2018-01-19 15:55:52', NULL, '2018-01-19 14:55:46', '2018-01-19 15:55:52', 1),
	(173, NULL, 4, 15, '广东发展银行', 'GDB', '广东发展银行', '2018-01-19 15:55:52', NULL, '2018-01-19 14:56:13', '2018-01-19 15:55:52', 1),
	(174, NULL, 4, 16, '华夏银行', 'HXB', '华夏银行', '2018-01-19 15:55:52', NULL, '2018-01-19 14:57:51', '2018-01-19 15:55:52', 1),
	(175, NULL, 4, 17, '中国农村信用社', 'CUB', '中国农村信用社', '2018-01-19 15:55:52', NULL, '2018-01-19 14:58:14', '2018-01-19 15:55:52', 1),
	(176, NULL, 4, 18, '江西银行', 'JXB', '江西银行', '2018-01-19 15:55:52', NULL, '2018-01-19 14:58:53', '2018-01-19 15:55:52', 1),
	(177, NULL, 5, 1, '保守型', '1', '保守型', '2018-01-19 20:14:50', NULL, '2018-01-19 20:10:45', '2018-01-19 20:14:50', 1),
	(178, NULL, 5, 2, '稳健型', '2', '稳健型', '2018-01-19 20:14:56', NULL, '2018-01-19 20:11:00', '2018-01-19 20:14:56', 1),
	(179, NULL, 5, 3, '进取型', '3', '进取型', '2018-01-19 20:14:59', NULL, '2018-01-19 20:11:23', '2018-01-19 20:14:59', 1),
	(180, NULL, 5, 4, '激进型', '4', '激进型', '2018-01-19 20:15:03', NULL, '2018-01-19 20:11:59', '2018-01-19 20:15:03', 1),
	(181, NULL, 5, 5, '需警惕', '5', '需警惕', '2018-01-19 20:15:05', NULL, '2018-01-19 20:12:15', '2018-01-19 20:15:05', 1),
	(182, NULL, 4, 19, '厦门国际银行', 'XIB', '厦门国际银行', '2018-01-23 17:08:55', NULL, '2018-01-23 17:08:56', '2018-01-23 17:08:56', 1),
	(183, NULL, 4, 20, '华瑞银行', 'HRB', '华瑞银行', '2018-01-26 11:40:15', NULL, '2018-01-26 11:40:15', '2018-01-26 11:40:15', 1),
	(184, NULL, 4, 21, '恒丰银行', 'HFB', '恒丰银行', '2018-02-03 11:51:34', NULL, '2018-02-03 11:51:35', '2018-02-03 11:51:35', 1);
/*!40000 ALTER TABLE `data_dictionary_value` ENABLE KEYS */;

-- 导出  表 investment.department 结构
CREATE TABLE IF NOT EXISTS `department` (
  `id` bigint(20) NOT NULL AUTO_INCREMENT,
  `name` varchar(20) DEFAULT NULL COMMENT '部门名',
  `code` varchar(20) DEFAULT NULL COMMENT '编号',
  `operator_id` bigint(20) DEFAULT NULL COMMENT '操作员id',
  `notes` varchar(255) DEFAULT NULL COMMENT '备注',
  `parent_id` bigint(20) NOT NULL DEFAULT '0',
  `created` timestamp NOT NULL DEFAULT CURRENT_TIMESTAMP COMMENT '创建时间',
  `modified` timestamp NOT NULL DEFAULT CURRENT_TIMESTAMP ON UPDATE CURRENT_TIMESTAMP COMMENT '操作时间',
  PRIMARY KEY (`id`)
) ENGINE=InnoDB AUTO_INCREMENT=21 DEFAULT CHARSET=utf8 COMMENT='部门';

-- 正在导出表  investment.department 的数据：~8 rows (大约)
/*!40000 ALTER TABLE `department` DISABLE KEYS */;
INSERT INTO `department` (`id`, `name`, `code`, `operator_id`, `notes`, `parent_id`, `created`, `modified`) VALUES
	(1, '前台信息部', NULL, NULL, '前台信息部', -1, '2017-09-07 11:54:35', '2017-10-20 09:55:14'),
	(2, '测试部', NULL, NULL, '测试部', -1, '2017-09-07 14:27:36', '2017-10-20 09:55:09'),
	(3, '产品部', NULL, NULL, '产品部', -1, '2017-09-07 14:29:02', '2017-10-20 09:55:05'),
	(4, '运维部', NULL, NULL, '运维部', -1, '2017-10-30 14:15:36', '2017-10-30 14:15:36'),
	(17, '后台信息部', NULL, NULL, '后台信息部', -1, '2017-11-06 13:57:25', '2017-11-06 13:57:25'),
	(18, '移动部', NULL, NULL, '移动部', -1, '2017-11-08 13:01:54', '2017-11-08 13:01:54'),
	(19, '人力资源部', NULL, NULL, '人力资源部', -1, '2017-11-08 14:15:35', '2017-11-08 14:15:35'),
	(20, 'CRM项目组', NULL, NULL, 'CRM项目组', 1, '2017-12-05 12:55:41', '2017-12-05 12:55:41');
/*!40000 ALTER TABLE `department` ENABLE KEYS */;

-- 导出  过程 investment.getChildDepartments 结构
DELIMITER //
CREATE DEFINER=`root`@`%` PROCEDURE `getChildDepartments`(IN `rootId` BIGINT)
    COMMENT '获取子项目(包含当前参数id)'
BEGIN
		DECLARE sTemp VARCHAR(1000);
           DECLARE sTempChd VARCHAR(1000);
           SET sTemp = '$';
           SET sTempChd =cast(rootId as CHAR);
          WHILE sTempChd is not null DO
             SET sTemp = concat(sTemp,',',sTempChd);
             SELECT group_concat(id) INTO sTempChd FROM department where FIND_IN_SET(parent_id,sTempChd)>0;
          END WHILE;
          select * from department WHERE FIND_IN_SET(id,substring(sTemp,1));
END//
DELIMITER ;

-- 导出  函数 investment.getParentMenus 结构
DELIMITER //
CREATE DEFINER=`root`@`%` FUNCTION `getParentMenus`(
	`rootId` VARCHAR(20)
) RETURNS varchar(1000) CHARSET utf8
BEGIN
DECLARE pid varchar(100) default '';
DECLARE str varchar(1000) default rootId;

WHILE rootId is not null  do
    SET pid =(SELECT parent_id FROM menu WHERE id = rootId);
    IF pid is not null THEN
        SET str = concat(str, ',', pid);
        SET rootId = pid;
    ELSE
        SET rootId = pid;
    END IF;
END WHILE;
return str;
END//
DELIMITER ;

-- 导出  表 investment.investment 结构
CREATE TABLE IF NOT EXISTS `investment` (
  `id` bigint(20) NOT NULL AUTO_INCREMENT,
  `investor_id` bigint(20) DEFAULT NULL COMMENT '投资人id',
  `platform_id` bigint(20) DEFAULT NULL COMMENT '投资平台id',
  `project_name` varchar(50) DEFAULT NULL COMMENT '项目名称',
  `start_date` date DEFAULT NULL COMMENT '起始时间',
  `end_date` date DEFAULT NULL COMMENT '结束时间',
  `project_duration` int(11) DEFAULT NULL COMMENT '项目期限',
  `project_duration_unit` int(11) DEFAULT NULL COMMENT '项目期限单位##天/周/月/季/年##{provider:"projectDurationUnitProvider", data:[{value:1,text:"天"},{value:2, text:"周"},{value:3, text:"月"},{value:4, text:"季"},{value:5, text:"年"}]}',
  `profit_ratio` float(6,2) DEFAULT '0.00' COMMENT '年化收益率##单位(%)',
  `deducted` bigint(20) DEFAULT '0' COMMENT '已抵扣##已使用的直接抵扣的满减券',
  `interest_coupon` float(6,2) DEFAULT '0.00' COMMENT '加息券##年化收益加息券,单位(%)',
  `cash_coupon` bigint(20) DEFAULT '0' COMMENT '现金券##充值返的现金券或红包，用于下次投资',
  `investment` bigint(20) DEFAULT '0' COMMENT '投资额',
  `is_remind` int(11) DEFAULT '0' COMMENT '是否到期提醒##{provider:"YesOrNoProvider", data:[{value:0,text:"否"},{value:1, text:"是"}]}',
  `bank_card_id` bigint(20) DEFAULT NULL COMMENT '投资卡',
  `notes` varchar(250) DEFAULT NULL COMMENT '备注信息',
  `balance_due` bigint(20) DEFAULT NULL COMMENT '到期余额',
  `is_expired` int(11) DEFAULT '0' COMMENT '是否到期',
  `created_id` bigint(20) DEFAULT NULL COMMENT '创建人',
  `modified_id` bigint(20) DEFAULT NULL COMMENT '修改人',
  `created` timestamp NULL DEFAULT CURRENT_TIMESTAMP COMMENT '创建时间',
  `modified` timestamp NULL DEFAULT CURRENT_TIMESTAMP ON UPDATE CURRENT_TIMESTAMP COMMENT '修改时间',
  PRIMARY KEY (`id`)
) ENGINE=InnoDB AUTO_INCREMENT=77 DEFAULT CHARSET=utf8 COMMENT='投资理财记录';

-- 正在导出表  investment.investment 的数据：~64 rows (大约)
/*!40000 ALTER TABLE `investment` DISABLE KEYS */;
INSERT INTO `investment` (`id`, `investor_id`, `platform_id`, `project_name`, `start_date`, `end_date`, `project_duration`, `project_duration_unit`, `profit_ratio`, `deducted`, `interest_coupon`, `cash_coupon`, `investment`, `is_remind`, `bank_card_id`, `notes`, `balance_due`, `is_expired`, `created_id`, `modified_id`, `created`, `modified`) VALUES
	(1, 1, 5, '新手标', '2018-01-14', '2018-02-13', 1, 3, 10.00, 0, 0.00, 0, 1000000, 0, 1, '新手', 0, 0, 1, 1, '2018-01-22 11:36:46', '2018-01-31 14:39:59'),
	(6, 1, 1, '宜定盈9月期008822417', '2018-01-14', '2018-10-14', 9, 3, 6.80, 42000, 0.00, 0, 2958000, 0, 1, '支付日期:2018-1-11', 0, 0, 1, 1, '2018-01-25 09:45:36', '2018-01-31 14:39:59'),
	(7, 1, 1, '宜定盈12月期008818335', '2018-01-13', '2019-01-13', 12, 3, 7.50, 91300, 0.00, 0, 4908700, 0, 1, NULL, 0, 0, 1, 1, '2018-01-27 19:05:24', '2018-01-31 14:39:59'),
	(8, 1, 1, '宜定盈6月期008288936', '2017-10-31', '2018-04-30', 6, 3, 6.00, 0, 0.00, 0, 100000, 0, 1, NULL, 0, 0, 1, 1, '2018-01-27 19:07:01', '2018-01-31 14:39:59'),
	(9, 1, 4, '老客专享安益84-12号', '2017-10-31', '2018-11-02', 364, 1, 7.60, 0, 0.00, 0, 5000000, 0, 1, '妈那儿投的', 0, 0, 1, 1, '2018-01-27 19:09:46', '2018-01-31 14:39:59'),
	(10, 1, 4, '恒耀稳享3253-2号', '2017-11-03', '2018-05-29', 207, 1, 6.10, 28400, 0.00, 0, 4971600, 0, 1, '妈那儿投的', 0, 0, 1, 1, '2018-01-27 19:11:31', '2018-01-31 14:39:59'),
	(16, 1, 3, 'H2389', '2018-01-10', '2018-07-11', 6, 3, 11.00, 0, 0.00, 0, 3000000, 0, 1, NULL, 0, 0, 1, 1, '2018-01-27 19:19:20', '2018-01-31 14:39:59'),
	(17, 1, 3, 'H2389', '2018-01-10', '2018-07-11', 6, 3, 11.00, 0, 0.00, 0, 5000000, 0, 1, NULL, 0, 0, 1, 1, '2018-01-27 19:20:09', '2018-01-31 14:39:59'),
	(18, 1, 3, 'H2394', '2018-01-12', '2018-07-12', 6, 3, 11.00, 0, 0.00, 0, 3600000, 0, 1, NULL, 0, 0, 1, 1, '2018-01-27 19:20:55', '2018-01-31 14:39:59'),
	(19, 1, 3, 'H2419', '2018-01-17', '2018-07-17', 6, 3, 11.00, 0, 0.00, 5000, 2000000, 0, 1, NULL, 0, 0, 1, 1, '2018-01-27 19:21:29', '2018-01-31 14:39:59'),
	(20, 1, 3, 'H2424', '2018-01-18', '2018-07-19', 6, 3, 11.00, 5000, 0.00, 5000, 1000000, 0, 1, NULL, 0, 0, 1, 1, '2018-01-27 19:22:51', '2018-01-31 14:39:59'),
	(21, 1, 3, 'H2424', '2018-01-18', '2018-07-19', 6, 3, 11.00, 5000, 0.00, 3000, 495000, 0, 1, NULL, 0, 0, 1, 1, '2018-01-27 19:24:12', '2018-01-31 14:39:59'),
	(22, 1, 6, '新手标II-180110', '2018-01-10', '2018-04-11', 3, 3, 9.50, 0, 0.00, 0, 5000000, 0, 1, NULL, 0, 0, 1, 1, '2018-01-27 19:25:57', '2018-01-31 14:39:59'),
	(23, 1, 7, 'We计划G', '2018-01-11', '2018-02-13', 1, 3, 7.00, 0, 0.50, 0, 60000, 0, 1, NULL, 0, 0, 1, 1, '2018-01-27 19:29:03', '2018-01-31 14:39:59'),
	(24, 1, 7, 'We计划B', '2018-01-12', '2018-07-11', 6, 3, 9.50, 0, 0.50, 0, 4000000, 0, 1, '返60红包，可以下次使用', 0, 0, 1, 1, '2018-01-27 19:30:31', '2018-02-07 17:22:53'),
	(25, 1, 7, '新手专享，复投宝', '2018-01-11', '2018-04-11', 3, 3, 12.00, 0, 0.00, 0, 3000000, 0, 1, NULL, 0, 0, 1, 1, '2018-01-27 19:31:17', '2018-01-31 14:39:59'),
	(26, 1, 2, '新手专享', '2018-01-11', '2018-01-26', 15, 1, 15.00, 0, 0.00, 0, 1000000, 0, 1, NULL, 1006164, 1, 1, 1, '2018-01-27 19:32:06', '2018-02-01 09:08:57'),
	(27, 1, 2, '微信宝,总经理/39岁/资金周转', '2018-01-12', '2019-01-12', 1, 5, 13.00, 5000, 0.00, 0, 2500000, 0, 1, NULL, 0, 0, 1, 1, '2018-01-28 11:31:48', '2018-01-31 14:39:59'),
	(28, 1, 2, '微信宝,妇联主席/44岁/资金周转', '2018-01-12', '2019-01-12', 1, 5, 13.00, 0, 0.00, 0, 2000000, 0, 1, NULL, 0, 0, 1, 1, '2018-01-28 11:32:53', '2018-01-31 14:39:59'),
	(29, 1, 2, '一月超灵活MA2018793300', '2018-01-13', '2018-02-12', 1, 3, 8.00, 0, 0.00, 0, 1000000, 0, 1, NULL, 0, 0, 1, 1, '2018-01-28 11:37:37', '2018-01-31 14:39:59'),
	(30, 1, 2, '特权产品MA2018796470', '2018-01-14', '2018-02-12', 1, 3, 15.00, 0, 0.00, 0, 1000000, 0, 1, NULL, 0, 0, 1, 1, '2018-01-28 11:38:46', '2018-01-31 14:39:59'),
	(31, 1, 2, '特权产品MA2018804899', '2018-01-17', '2018-02-15', 1, 3, 15.00, 0, 0.00, 0, 500000, 0, 1, NULL, 0, 0, 1, 1, '2018-01-28 11:39:51', '2018-01-31 14:39:59'),
	(32, 1, 2, '特权产品MA2018805002', '2018-01-18', '2018-02-16', 1, 3, 15.00, 0, 0.00, 0, 1000000, 0, 1, NULL, 0, 0, 1, 1, '2018-01-28 11:40:39', '2018-01-31 14:39:59'),
	(33, 1, 2, '特权产品MA2018802008', '2018-01-17', '2018-02-15', 1, 3, 15.00, 0, 0.00, 0, 1000000, 0, 1, NULL, 0, 0, 1, 1, '2018-01-28 11:41:17', '2018-01-31 14:39:59'),
	(34, 1, 2, '特权产品MA2018801937', '2018-01-16', '2018-02-14', 1, 3, 15.00, 0, 0.00, 0, 500000, 0, 1, NULL, 0, 0, 1, 1, '2018-01-28 11:41:58', '2018-01-31 14:39:59'),
	(35, 1, 2, '半年高收益MA2018796479', '2018-01-15', '2018-07-13', 180, 1, 12.00, 0, 0.00, 0, 3000000, 0, 1, NULL, 0, 0, 1, 1, '2018-01-28 11:43:01', '2018-01-31 14:39:59'),
	(36, 1, 8, '新手专享', '2018-01-11', '2018-02-09', 1, 3, 6.40, 0, 3.00, 0, 5000000, 0, 1, NULL, 5037342, 1, 1, 1, '2018-01-28 11:43:54', '2018-01-31 14:39:59'),
	(37, 1, 9, '幸富新手共盈计划3MA', '2018-01-13', '2018-04-14', 3, 3, 8.11, 0, 0.00, 0, 500000, 0, 1, NULL, 0, 0, 1, 1, '2018-01-28 11:44:52', '2018-01-31 14:39:59'),
	(38, 1, 9, '幸富连盈-90天-A', '2018-01-12', '2018-04-12', 3, 3, 7.01, 0, 0.00, 0, 100000, 0, 1, NULL, 0, 0, 1, 1, '2018-01-28 11:46:49', '2018-01-31 14:39:59'),
	(39, 1, 4, '限量秒杀添利9-2号', '2017-11-03', '2018-01-31', 89, 1, 5.80, 59671, 0.00, 0, 4940329, 0, 1, NULL, 5023233, 1, 1, 1, '2018-01-28 11:48:43', '2018-02-01 14:41:22'),
	(40, 1, 4, '恒耀安益2512期1号', '2017-03-28', '2018-03-26', 358, 1, 6.60, 0, 0.00, 0, 3000000, 0, 1, NULL, 0, 0, 1, 1, '2018-01-28 12:12:50', '2018-01-31 14:39:59'),
	(41, 1, 4, '恒耀安益2683期32号', '2017-05-05', '2018-05-02', 363, 1, 5.90, 8021, 0.00, 0, 4991979, 0, 1, NULL, 0, 0, 1, 1, '2018-01-28 12:14:22', '2018-01-31 14:39:59'),
	(42, 1, 4, '恒耀稳享3432-13号', '2017-11-21', '2018-05-23', 183, 1, 5.90, 8021, 0.00, 0, 1991978, 0, 1, NULL, 0, 0, 1, 1, '2018-01-28 12:15:32', '2018-01-31 14:39:59'),
	(43, 1, 4, '发财节特供安益142-5号', '2017-11-24', '2018-11-23', 12, 3, 6.40, 42082, 0.00, 0, 1957918, 0, 1, NULL, 0, 0, 1, 1, '2018-01-28 12:16:37', '2018-01-31 14:39:59'),
	(44, 2, 8, '新手专享', '2018-01-12', '2018-02-10', 1, 3, 6.40, 0, 3.00, 0, 5000000, 0, 3, NULL, 0, 0, 2, 2, '2018-01-28 13:55:10', '2018-01-31 14:39:59'),
	(45, 2, 7, '新手专享，复投宝', '2018-01-12', '2018-04-12', 3, 3, 12.00, 0, 0.00, 0, 3000000, 0, 3, NULL, 0, 0, 2, 2, '2018-01-28 13:56:43', '2018-01-31 14:39:59'),
	(46, 2, 2, '新手专享', '2018-01-11', '2018-01-26', 15, 1, 15.00, 0, 0.00, 0, 1000000, 0, 3, NULL, 1006164, 1, 2, 2, '2018-01-28 13:59:28', '2018-02-01 09:08:59'),
	(47, 2, 1, '宜定盈3月期', '2017-11-09', '2018-02-20', 3, 3, 5.00, 0, 0.00, 0, 100000, 0, 3, NULL, 0, 0, 2, 2, '2018-01-28 14:00:29', '2018-01-31 14:39:59'),
	(48, 2, 1, '宜定盈12月期', '2017-11-19', '2018-11-19', 12, 3, 7.50, 0, 0.00, 0, 3000000, 0, 3, NULL, 0, 0, 2, 2, '2018-01-28 14:01:17', '2018-01-31 14:39:59'),
	(49, 2, 1, '宜定盈12月期', '2018-01-13', '2019-01-13', 12, 3, 8.50, 0, 0.00, 0, 5000000, 0, 3, NULL, 0, 0, 2, 2, '2018-01-28 14:01:54', '2018-01-31 14:39:59'),
	(50, 2, 1, '宜定盈12月期', '2018-01-13', '2019-01-13', 12, 3, 8.50, 0, 0.00, 0, 5000000, 0, 3, NULL, 0, 0, 2, 2, '2018-01-28 14:02:17', '2018-01-31 14:39:59'),
	(51, 2, 1, '宜定盈12月期', '2018-01-14', '2019-01-14', 12, 3, 8.50, 0, 0.00, 0, 5000000, 0, 3, NULL, 0, 0, 2, 2, '2018-01-28 14:02:41', '2018-01-31 14:39:59'),
	(52, 2, 1, '宜定盈12月期', '2018-01-17', '2019-01-17', 12, 3, 8.50, 0, 0.00, 0, 5000000, 0, 3, NULL, 0, 0, 2, 2, '2018-01-28 14:03:07', '2018-01-31 14:39:59'),
	(53, 2, 1, '宜定盈12月期', '2018-01-15', '2019-01-15', 12, 3, 8.50, 0, 0.00, 0, 5000000, 0, 3, NULL, 0, 0, 2, 2, '2018-01-28 14:03:33', '2018-01-31 14:39:59'),
	(54, 2, 4, '恒耀安益2682期29号', '2017-05-05', '2018-05-08', 363, 1, 6.60, 11934, 0.00, 0, 988066, 0, 3, NULL, 0, 0, 2, 2, '2018-01-28 14:04:42', '2018-01-31 14:39:59'),
	(55, 2, 4, '发财节特供安益133-1号', '2017-11-23', '2018-11-20', 362, 1, 6.60, 61150, 0.00, 0, 2938850, 0, 3, NULL, 0, 0, 2, 2, '2018-01-28 14:06:01', '2018-01-31 14:39:59'),
	(56, 2, 4, '恒耀安益4222-1号', '2017-11-17', '2018-11-09', 354, 1, 6.60, 23276, 0.00, 0, 2976724, 0, 3, NULL, 0, 0, 2, 2, '2018-01-28 14:07:42', '2018-01-31 14:39:59'),
	(57, 2, 4, '老客专享稳享29期66号', '2017-07-26', '2018-02-14', 198, 1, 6.50, 0, 0.00, 0, 1000000, 0, 3, NULL, 0, 0, 2, 2, '2018-01-28 14:08:23', '2018-01-31 14:39:59'),
	(58, 2, 4, '老客专享稳享30期19号', '2017-07-26', '2018-02-14', 198, 1, 6.50, 9221, 0.00, 0, 1690778, 0, 3, NULL, 0, 0, 2, 2, '2018-01-28 14:09:24', '2018-01-31 14:39:59'),
	(59, 2, 11, '金斗云593期', '2017-07-08', '2018-04-04', 270, 1, 8.80, 12000, 0.00, 0, 588000, 0, 3, NULL, 0, 0, 2, 2, '2018-01-28 14:10:23', '2018-01-31 14:39:59'),
	(60, 2, 2, '特权产品MA2018793307', '2018-01-13', '2018-02-12', 30, 1, 15.00, 0, 0.00, 0, 1000000, 0, 3, NULL, 0, 0, 2, 2, '2018-01-28 14:11:06', '2018-01-31 14:39:59'),
	(61, 2, 3, 'H2398', '2018-01-13', '2018-07-13', 6, 3, 11.00, 0, 0.00, 0, 5000000, 0, 3, NULL, 0, 0, 2, 2, '2018-01-28 14:11:48', '2018-01-31 14:39:59'),
	(62, 1, 10, '余额宝', '2018-01-11', NULL, NULL, NULL, 3.97, 0, 0.00, 0, 2849367, 0, 1, NULL, 0, 1, 2, 1, '2018-01-28 14:13:23', '2018-02-09 11:26:58'),
	(63, 2, 10, '余额宝', '2018-01-28', NULL, NULL, NULL, 3.97, 0, 0.00, 0, 589900, 0, 3, NULL, 0, 1, 2, 1, '2018-01-28 14:16:02', '2018-02-09 11:27:12'),
	(64, 1, 1, '宜定盈12月期008818335', '2018-01-10', '2019-01-13', 12, 3, 7.50, 0, 0.00, 0, 3000000, 0, 1, NULL, 0, 0, 1, 1, '2018-01-28 14:34:12', '2018-01-31 14:39:59'),
	(66, 2, 2, '半年高收益MA2018842741', '2018-01-28', '2018-07-27', 6, 3, 12.00, 5000, 0.00, 0, 1006180, 0, 1, '使用500达币，余额投资', 0, 0, 1, 1, '2018-01-28 21:13:09', '2018-01-31 14:39:59'),
	(67, 1, 2, '半年高收益', '2018-01-28', '2018-07-27', 6, 3, 12.00, 0, 0.00, 0, 1007174, 0, 1, '余额投资', 0, 0, 1, 1, '2018-01-28 21:14:29', '2018-01-31 15:25:45'),
	(68, 1, 7, 'We计划C(18020215246133)', '2018-02-02', '2019-02-01', 12, 3, 11.00, 2500, 1.00, 16800, 2997500, 0, 1, NULL, NULL, 0, 1, 1, '2018-02-02 16:01:57', '2018-02-02 16:54:13'),
	(69, 1, 7, 'We计划B(18020210121718)', '2018-02-05', '2018-08-04', 6, 3, 9.50, 16884, 1.00, 6000, 583116, 0, 1, '返60红包，可以下次使用', NULL, 0, 1, 1, '2018-02-02 16:29:48', '2018-02-07 17:21:23'),
	(70, 1, 7, 'We计划C(18020215246133)', '2018-02-02', '2019-02-01', 12, 3, 11.00, 6000, 1.50, 0, 1994000, 0, 1, NULL, NULL, 0, 1, 1, '2018-02-02 16:46:19', '2018-02-02 16:46:19'),
	(71, 1, 7, 'We计划C(18020215246133)', '2018-02-02', '2019-02-01', 12, 3, 11.00, 0, 1.50, 0, 2000000, 0, 1, NULL, NULL, 0, 1, 1, '2018-02-02 16:52:07', '2018-02-02 16:59:22'),
	(72, 1, 12, '铜饭碗', '2018-02-02', '2018-05-03', 90, 1, 7.50, 0, 5.00, 0, 2005000, 0, 1, '返60红包，可以下次使用', NULL, 0, 1, 1, '2018-02-02 17:08:53', '2018-02-07 17:25:12'),
	(75, 1, 7, 'We计划A18020512930599', '2018-02-07', '2018-05-06', 3, 3, 8.50, 60500, 1.00, 1000, 39500, 0, 1, '供应链[CQ20180112163914868]于2月5日到期回款602.88元后充值395元投资的', NULL, 0, 1, 1, '2018-02-05 14:30:37', '2018-02-07 17:18:03'),
	(76, 1, 18, '爸那信托投资', '2017-12-17', '2019-06-16', 18, 3, 7.80, 0, 0.00, 0, 16500000, 0, 1, NULL, NULL, 0, 1, 1, '2018-02-07 17:32:23', '2018-02-07 17:32:23'),
	(77, 1, 8, '轻松投9个月20180209-1', '2018-02-09', '2018-11-09', 9, 3, 8.60, 0, 0.00, 17000, 4550000, 0, 1, '新手专享到期，继续投入，获得170返现，其余的提现', NULL, 0, 1, 1, '2018-02-09 14:43:48', '2018-02-09 14:43:48'),
	(78, 1, 1, '宜定盈12月期[009012989]', '2018-02-09', '2019-02-08', 12, 3, 7.50, 10000, 0.80, 0, 990000, 0, 1, '当前宜人贷余额20，使用了160的宜人币，现有可用余额82元', NULL, 0, 1, 1, '2018-02-09 15:13:44', '2018-02-09 15:13:44');
/*!40000 ALTER TABLE `investment` ENABLE KEYS */;

-- 导出  表 investment.investment_platform 结构
CREATE TABLE IF NOT EXISTS `investment_platform` (
  `id` bigint(20) NOT NULL AUTO_INCREMENT COMMENT 'ID',
  `name` varchar(20) DEFAULT NULL COMMENT '名称',
  `supervision_bank` varchar(20) DEFAULT NULL COMMENT '资金监管银行',
  `is_record` int(4) DEFAULT NULL COMMENT '是否备案',
  `registry_place` varchar(10) DEFAULT NULL COMMENT '注册地',
  `business_place` varchar(120) DEFAULT NULL COMMENT '经营地',
  `platform_background` varchar(120) DEFAULT NULL COMMENT '平台背景',
  `security_level` int(4) DEFAULT NULL COMMENT '安全级别',
  `avg_profit_ratio` float(4,2) DEFAULT '0.00' COMMENT '平均收益率',
  `business_mode` varchar(120) DEFAULT NULL COMMENT '业务模式',
  `flexible` varchar(120) DEFAULT NULL COMMENT '灵活度',
  `guarantee` varchar(60) DEFAULT NULL COMMENT '保障',
  `introduction` varchar(250) DEFAULT NULL COMMENT '平台介绍',
  `uptime` date DEFAULT NULL COMMENT '上线时间',
  `notes` varchar(250) DEFAULT NULL COMMENT '备注信息',
  `created` timestamp NULL DEFAULT CURRENT_TIMESTAMP COMMENT '创建时间',
  `modified` timestamp NULL DEFAULT CURRENT_TIMESTAMP ON UPDATE CURRENT_TIMESTAMP COMMENT '修改时间',
  PRIMARY KEY (`id`)
) ENGINE=InnoDB AUTO_INCREMENT=19 DEFAULT CHARSET=utf8 COMMENT='投资平台';

-- 正在导出表  investment.investment_platform 的数据：~18 rows (大约)
/*!40000 ALTER TABLE `investment_platform` DISABLE KEYS */;
INSERT INTO `investment_platform` (`id`, `name`, `supervision_bank`, `is_record`, `registry_place`, `business_place`, `platform_background`, `security_level`, `avg_profit_ratio`, `business_mode`, `flexible`, `guarantee`, `introduction`, `uptime`, `notes`, `created`, `modified`) VALUES
	(1, '宜人贷', '广东发展银行', 0, '北京', '北京', '上市公司', 2, 8.00, '宜人贷创新实现P2P从客户获取、风险控制、交易达成到客户服务全流程线上操作。宜人贷专注于具有信用维护意识的城市白领人群，这一群体具有较好的教育水平、信用意识以及稳定的还款能力。', '宜定盈可提前退出，但要收取1%～2%的紧急退出费，且会扣除相应的优惠券、宜人币（如有使用）；精英标持有90天之后可以转让，收取成交金额的2‰ ', '质保服务专款，存管在广发银行', '中国首家在美国纽交所上市的P2P公司，投宜人贷在安全性上还是很有保障的，但收益很一般', '2012-01-01', '中国首家在美国纽交所上市的P2P公司，投宜人贷在安全性上还是很有保障的，但收益很一般', '2018-01-19 17:53:28', '2018-01-22 09:56:48'),
	(2, '达人贷', 'XIB', 0, '深圳', '企业地址深圳市福田区沙头街道泰然九路海松大厦A座702室', '民营系', 3, 12.00, '达人贷只做小额信贷业务，其中超80%是小微企业主借贷，借款金额在5-7万。剩余20%不到是薪金贷，给有稳定工资收入的人群放贷，平均借款金额也在7万左右。', '微信宝可转让', 'IPC技术。目前平台的不良率在2.6%左右，待收近1亿，风险准备金330万，数据上看是可以覆盖住风险的。', '深圳一家做信贷的小平台，业务规模不大，但总体做的还算比较扎实。团队经验丰富，且比较稳定，平台行业口碑尚可，投资性价比还不错', '2014-12-27', '业务方面平台是完全合规的，所有项目都遵循小额分散。\r\n12个月内（包含12个月）投资安全都有一定保障。\r\n每天10:00和18:00放标。\r\n工商注册号440300602385364\r\n组织机构代码085957193\r\n统一社会信用代码91440300085957193N\r\n成立日期2013-12-27\r\n登记机关深圳市市场监督管理局\r\n营业期限2013-12-27 至 2023-12-25', '2018-01-23 17:03:25', '2018-01-26 11:07:42'),
	(3, '钱香', 'JXB', 0, '上海', '中国（上海）自由贸易试验区浦东南路2250号2幢一层C157室', '上市公司系', 3, 9.76, '中小企业贷', '不可转让', '第三方担保&质保服务转款', '上海一家专注供黄金珠宝供应链的平台，模式与产业融合比较深，配套的担保措施比较完善，风险可控，比较适合中短期投资选择。', '2015-05-07', '公司名称：上海倾信互联网金融信息服务有限公司\r\n电话：021-68881322\r\n统一社会信用代码：91310000332725243Y\r\n工商注册号：310141000146942\r\n组织机构代码：332725243\r\n法定代表人：黄崇望\r\n注册资本：1600万人民币\r\n成立日期：2015-05-07', '2018-01-26 11:23:52', '2018-01-27 17:56:08'),
	(4, '恒大金服', 'GDB', 0, '深圳', '深圳市前海深港合作区临海大道59号海运中心主塔楼21楼2101G', '恒大集团', 2, 6.50, '车贷 | 个人信用贷 | 中小企业贷 | 优选理财', '部分可转让', '抵押物&风险准备金', '一线平台、广东地区前三平台、广发证券和上市公司大金重工、中银粤财入股。安全级别A级，产品丰富，收益一般', '2016-03-16', '公司名称:恒大互联网金融服务（深圳）有限公司\r\n电话:020-38657256\r\n统一社会信用代码:91440300359451385K\r\n工商注册号:440301114542363\r\n组织机构代码:35945138-5\r\n法定代表人:刘永灼\r\n注册资本:100000万人民币\r\n成立日期:2015-12-07\r\n登记机关:深圳市市场监督管理局', '2018-01-26 11:32:52', '2018-01-27 17:55:21'),
	(5, '小赢理财', 'HRB', 0, '深圳', '深圳市南山区粤海街道海德三道航天科技广场A座7层', '上市公司系', 2, 7.50, '车贷 | 个人信用贷 | 中小企业贷 | 优选理财', '部分项目可申请转让', '信用保证保险', '公司名称:深圳市赢众通金融信息服务有限公司\r\n电话:0755-86282977\r\n统一社会信用代码:914403000885341888\r\n工商注册号:440301108926982\r\n组织机构代码:088534188\r\n注册资本:6510.4156万元\r\n成立日期:2014-03-07\r\n登记机关:深圳市市场监督管理局', '2014-03-07', '公司名称:深圳市赢众通金融信息服务有限责任公司\r\n电话:0755-86282977\r\n统一社会信用代码:914403000885341888\r\n工商注册号:440301108926982\r\n组织机构代码:088534188\r\n法定代表人:唐越\r\n注册资本:6510.4156万元\r\n成立日期:2014-03-07\r\n登记机关:深圳市市场监督管理局', '2018-01-26 11:43:06', '2018-01-27 17:54:27'),
	(6, '投哪网', 'GDB', 0, '广东', '广东', '上市公司系', 2, 9.00, '车贷 | 个人信用贷 | 中小企业贷 | 优选理财', '持有30天以上可以转让，但要收取一定费用', '抵押物&风险准备金', '一线平台、广东地区前三平台、广发证券和上市公司大金重工、中银粤财入股。安全级别A级，产品丰富，收益一般', '2012-05-04', '公司名称:深圳投哪金融服务有限公司\r\n电话:0755-23888828\r\n统一社会信用代码:91440300083884082F\r\n工商注册号:440306108353406\r\n组织机构代码:083884082\r\n注册资本:10000万元\r\n成立日期:2013-11-19\r\n登记机关:深圳市市场监督管理局', '2018-01-27 17:37:30', '2018-01-27 17:55:06'),
	(7, '团贷网', 'XIB', 0, '东莞', '东莞市南城街道莞太路111号民间金融大厦1号楼28楼', '创投 | C轮', 3, 12.00, '车贷 | 房贷 | 个人信用贷 | 中小企业贷', '30天后可转让', '担保&风险准备金', '备受风投追捧、发展快、产品丰富、收益不错、提现手续费高。平台发展比较快，也有坏账率提升的隐患。另外提现手续费略高，希望改进', '2012-07-15', '公司名称:东莞团贷网互联网科技服务有限公司\r\n统一社会信用代码:91441900MA4ULXKB38\r\n工商注册号:441900002895462\r\n组织机构代码:MA4ULXKB3\r\n注册资本:10293.3334万元人民币\r\n成立日期:2016-02-04\r\n登记机关:东莞市工商行政管理局', '2018-01-27 17:43:05', '2018-01-27 17:55:47'),
	(8, '积木盒子', 'CMSB', 0, '北京', '北京市朝阳区金桐西路10号1单元5层501', '创投 | C轮', 2, 8.00, '车贷 | 房贷 | 个人信用贷 | 其他', '直投项目持有30天之后可以转让，轻松投系列锁定期之后可以提前退出，都会收取一定的费用', '担保&风险准备金', '风投青睐、轻资产、体验好、一站式理财服务。平台资产主要来自担保公司，目前平台重心已经逐渐转向一站式理财服务，P2P 产品收益偏低', '2013-08-07', '公司名称:北京乐融多源信息技术有限公司\r\n电话:010-65818612\r\n统一社会信用代码:911101055923826701\r\n工商注册号:110105014684445\r\n组织机构代码:592382670\r\n注册资本:20000万元\r\n成立日期:2012-03-05\r\n登记机关:朝阳分局', '2018-01-27 17:45:59', '2018-01-27 17:49:25'),
	(9, '信而富', 'CMSB', 0, '上海', '上海市嘉定区南翔镇银翔路819弄1号7层705室', '创投 | C轮', 2, 9.00, '个人信用贷 | 其他', '直投项目持有30天之后可以转让，轻松投系列锁定期之后可以提前退出，都会收取一定的费用', '担保&风险准备金', '风投青睐、轻资产、体验好、一站式理财服务。平台资产主要来自担保公司，目前平台重心已经逐渐转向一站式理财服务，P2P 产品收益偏低', '2010-11-01', '公司名称:上海信而富企业管理有限公司\r\n电话:021-60325999\r\n统一社会信用代码:913100007776054479\r\n工商注册号:310000400432304\r\n组织机构代码:777605447\r\n注册资本:3790万美元\r\n成立日期:2005-07-15\r\n登记机关:上海市工商行政管理局', '2018-01-27 17:48:33', '2018-01-27 17:50:21'),
	(10, '余额宝', NULL, 0, NULL, NULL, '支付宝', 1, 3.80, NULL, '活期，2小时内到帐', NULL, NULL, NULL, NULL, '2018-01-27 17:51:44', '2018-02-01 09:26:02'),
	(11, '唐小僧', NULL, 0, '上海', '中国（上海）自由贸易试验区杨高南路799号1801室', '民营', 5, 8.00, '优选理财', '活期随时提现', '合作机构承诺回购', '活期、高收益、底层资产不明。小妞去实地考察过唐小僧，发现唐小僧募集的资金主要去向母公司资邦集团提供的项目，但底层资产并不清楚。投资人还需谨慎', '2015-05-05', '公司名称:资邦元达（上海）互联网金融有限公司\r\n电话:021-28900978\r\n统一社会信用代码:913101153208482031\r\n工商注册号:310115002473756\r\n组织机构代码:320848203\r\n注册资本:5000万人民币\r\n成立日期:2014-10-31\r\n登记机关:自贸区市场监督管理局', '2018-01-27 17:59:35', '2018-01-27 17:59:35'),
	(12, '饭饭金服', 'HFB', 0, '北京', '浙江省嘉兴市南湖区南江路1856号1号楼103室-11', '创投 | 盛大资本', 3, 11.00, '车贷 | 房贷', '活期随时退出', '足额抵押&风险准备金', '饭饭金服之前是爱钱帮旗下品牌，2017年5月更换公司主体，开始独立运营。资产还是由爱钱帮提供，专注做车辆质押和一线城市房产抵押业务。合规性和安全性相对较好，另外饭饭目前在活动期间，活期产品“饭盒”无论从收益还是体验都很不错，投资性价比很高', '2016-05-18', '饭饭投资管理（嘉兴）有限公司\r\n客服邮箱:ffkf@fanfanjf.cn\r\n统一社会信用代码:91330402MA28AML14X\r\n工商注册号:330402000243295\r\n组织机构代码:MA28AML14\r\n注册资本1000万人民币\r\n成立日期:2016-09-08\r\n登记机关:嘉兴市南湖区行政审批局', '2018-02-02 17:07:45', '2018-02-08 14:19:53'),
	(13, '人人贷', 'CMSB', 0, '北京', '北京市朝阳区曙光西里甲5号院16号楼5层503单元', '创投 | A轮', 2, 8.00, '车贷 | 房贷 | 个人信用贷 | 中小企业贷 | 其他', 'U计划提前退出收取加入金额2%，薪计划不能提前退出，散标持有90天之后可以债权转让但要收取成交金额0.5%的费用', '平台保证金（保证金名义上是由友众信业存管在民生银行）&合作机构提前垫付', '大品牌、体验优、资金存管、收益偏低。懒人选U计划，工薪族投薪计划，高手玩转让专区。人人贷总有一款产品适合你，不过收益就soso了', '2010-10-03', '公司名称:人人贷商务顾问（北京）有限公司\r\n电话:82152601\r\n统一社会信用代码:911101055548793445\r\n工商注册号:110105012817080\r\n组织机构代码:554879344\r\n注册资本:10000万人民币\r\n成立日期:2010-04-28\r\n登记机关:朝阳分局', '2018-02-03 11:59:44', '2018-02-03 11:59:44'),
	(14, '拍拍贷', 'CMBC', 0, '上海', '上海市 浦东新区 张江高科技园区 郭守敬路356号', '创投 | C轮', 3, 10.00, '其它', '部分项目支持转让', '散标不提供保障（赔标除外）', '中国第一家P2P平台，也是网贷行业内坚持个人对个人点对点借款的平台。平台逾期比较严重，除开彩虹计划和带有"赔"标示的项目外，都不承诺任何保障。投资人还需谨慎投资', '2007-06-18', '公司名称:上海拍拍贷金融信息服务有限公司\r\n电话:021-31186888\r\n统一社会信用代码:91310115568071645J\r\n工商注册号:310115001783417\r\n组织机构代码:568071645\r\n注册资本:10000万人民币\r\n成立日期:2011-01-18\r\n登记机关:自贸区市场监督管理局\r\n法定代表人:顾少丰\r\n客服电话:400-184-8888', '2018-02-03 12:04:13', '2018-02-03 12:04:13'),
	(15, '凤凰金融', 'BOB', 0, '北京', '北京市朝阳区酒仙桥路10号星科大厦A座6层6002', '上市公司系', 2, 7.00, '个人信用贷 | 中小企业贷 | 债权流转 | 优选理财', '30天后可转让', '合作方代偿&担保公司担保', '原凤凰金融平台已将网贷业务独立出来，叫做“凤凰智信”，凤凰金融平台则发展成为集基金、保险、网贷等为一体的综合理财平台。背靠凤凰卫视和凤凰金融这个金字招牌，凤凰智信仍然适合中产阶级大资金长期投资', '2014-08-22', '公司名称:北京凤凰理理它信息技术有限公司\r\n电话:186****6336\r\n统一社会信用代码:91110105306763860W\r\n工商注册号:110105017780223\r\n组织机构代码:306763860\r\n注册资本:1065.245588万人民币\r\n成立日期:2014-08-22\r\n登记机关:北京市工商行政管理局朝阳分局\r\n法定代表人:张震', '2018-02-03 12:07:27', '2018-02-03 12:07:27'),
	(16, '图腾贷', 'JXB', 0, '四川成都', '深圳市前海深港合作区临海大道59号海运中心口岸楼408E房', '创投 | A轮', 3, 13.00, '车贷', '持有30天以上可申请转让', '足值抵质押&第三方资产处理公司回购债权', '成都当地做车贷较出名的平台，A轮获得天鸽互动的2000万元投资，目前是西南地区最大的车贷平台。过去以质押车辆为主，且很多二押车，但现在已转型为以抵押为主，二押的比例也大大降低。车贷是地域性很强的一类资产，图腾贷在四川、重庆等地有较强的竞争力和风险把控能力。平台目前的收益属于行业中等偏上，可以适当投资', '2014-09-10', '公司名称:深圳前海图腾互联网金融服务有限公司\r\n电话:0755-27924139\r\n统一社会信用代码:91440300319478479E\r\n工商注册号:440301111535459\r\n组织机构代码:319478479\r\n注册资本:1278.1957万人民币\r\n成立日期:2014-10-28\r\n登记机关:深圳市市场监督管理局\r\n法定代表人:罗润超', '2018-02-03 12:10:55', '2018-02-03 12:10:55'),
	(17, '企额贷', 'HFB', 0, '上海', '上海浦东新区陆家嘴环路166号未来资产大厦31层', '民营系', 3, 12.00, '房贷 | 车贷 | 中小企业贷', '180天及以上的项目可以转让，等额本金车贷项目不支持债权转让', '强抵押物', '上海一家专注做抵押贷款的平台，主攻房抵贷和车抵贷。平台虽然不出名，但业务能力是过硬，外加有强抵押物做担保，相比其他平台资产更为优质。', '2014-10-27', '公司名称:上海相诚金融信息服务有限公司\r\n客服电话:4008-826-823\r\n微信号：13816674106\r\n电话:021-68670095\r\n统一社会信用代码:913101153208129212\r\n工商注册号:310115002468198\r\n组织机构代码:320812921\r\n法定代表人:颜永忠\r\n注册资本:5000万人民币\r\n成立日期2014-10-27\r\n登记机关:自贸区市场监督管理局', '2018-02-06 14:48:25', '2018-02-06 14:48:25'),
	(18, '四川信托', NULL, 0, '成都', '成都', NULL, 1, 6.00, NULL, NULL, NULL, NULL, NULL, NULL, '2018-02-07 17:29:22', '2018-02-07 17:29:30');
/*!40000 ALTER TABLE `investment_platform` ENABLE KEYS */;

-- 导出  表 investment.menu 结构
CREATE TABLE IF NOT EXISTS `menu` (
  `id` bigint(20) NOT NULL AUTO_INCREMENT COMMENT '主键',
  `parent_id` bigint(20) DEFAULT NULL COMMENT '父级菜单id',
  `order_number` int(11) DEFAULT NULL COMMENT '排序号',
  `menu_url` varchar(255) DEFAULT NULL COMMENT '菜单url',
  `name` varchar(255) NOT NULL COMMENT '名称',
  `description` varchar(255) NOT NULL COMMENT '描述',
  `target` int(4) DEFAULT NULL COMMENT '打开链接的位置##{data:[{value:0, text:"当前窗口"},{value:1, text:"新开窗口"}]}',
  `created` timestamp NOT NULL DEFAULT CURRENT_TIMESTAMP COMMENT '创建时间',
  `modified` timestamp NOT NULL DEFAULT CURRENT_TIMESTAMP ON UPDATE CURRENT_TIMESTAMP COMMENT '修改时间',
  `yn` int(4) NOT NULL DEFAULT '1' COMMENT '有效性##数据有效性，用于逻辑删除##{data:[{value:0, text:"无效"},{value:1, text:"有效"}]}',
  `type` int(4) NOT NULL DEFAULT '0' COMMENT '类型##{data:[{value:0, text:"目录"},{value:1, text:"链接"}]}',
  `icon_cls` varchar(40) DEFAULT NULL COMMENT '菜单图标',
  PRIMARY KEY (`id`)
) ENGINE=InnoDB AUTO_INCREMENT=178 DEFAULT CHARSET=utf8 COMMENT='菜单';

-- 正在导出表  investment.menu 的数据：~25 rows (大约)
/*!40000 ALTER TABLE `menu` DISABLE KEYS */;
INSERT INTO `menu` (`id`, `parent_id`, `order_number`, `menu_url`, `name`, `description`, `target`, `created`, `modified`, `yn`, `type`, `icon_cls`) VALUES
	(1, 4, 1, 'http://investadm.artist.com:9999/user/index.html', '用户管理', '', 0, '2017-07-18 01:51:17', '2018-01-18 16:12:25', 1, 1, '1'),
	(2, 4, 4, 'http://investadm.artist.com:9999/menu/index.html', '菜单管理', '菜单管理', 0, '2017-07-18 19:37:48', '2018-01-18 16:12:28', 1, 1, '1'),
	(4, -1, 50, '', '权限管理', '', NULL, '2017-07-19 22:52:45', '2018-01-18 17:14:43', 1, 0, NULL),
	(5, 4, 2, 'http://investadm.artist.com:9999/role/index.html', '角色管理', '', NULL, '2017-07-20 00:27:10', '2018-01-18 16:12:29', 1, 1, NULL),
	(6, 4, 3, 'http://investadm.artist.com:9999/user/onlineList.html', '在线用户', '', NULL, '2017-07-20 00:31:12', '2018-01-18 16:12:32', 1, 1, NULL),
	(60, -1, 40, '', '系统设置', '', NULL, '2017-09-07 10:21:05', '2018-01-18 17:14:39', 1, 0, NULL),
	(72, 60, 2, 'http://invest.artist.com/scheduleJob/index.html', '调度器', '', NULL, '2017-10-24 09:24:28', '2018-01-18 16:12:39', 1, 1, NULL),
	(74, 60, 1, 'http://invest.artist.com/dataDictionary/index.html', '数据字典', '', NULL, '2017-10-25 11:33:55', '2018-01-18 16:12:42', 1, 1, NULL),
	(75, 4, 5, 'http://investadm.artist.com:9999/department/index.html', '部门管理', '', NULL, '2017-10-25 11:34:11', '2018-01-18 16:12:44', 1, 1, NULL),
	(97, 1, 1, 'http://investadm.artist.com:9999/dataAuth/editUserDataAuth.html', '用户数据权限', '', NULL, '2017-10-31 10:40:45', '2018-01-18 16:12:47', 1, 2, NULL),
	(98, 5, 1, 'http://investadm.artist.com:9999/role/roleMenuAndResource.html', '功能权限', '', NULL, '2017-10-31 10:44:14', '2018-01-18 16:12:49', 1, 2, NULL),
	(99, 5, 1, 'http://investadm.artist.com:9999/dataAuth/editRoleDataAuth.html', '数据权限', '', NULL, '2017-10-31 11:09:20', '2018-01-18 16:12:57', 1, 2, NULL),
	(120, -1, 30, '', '报表', '', NULL, '2017-11-30 18:01:49', '2018-01-18 17:14:35', 1, 0, NULL),
	(126, -1, 1, 'http://invest.artist.com/index.html', '首页', '', NULL, '2017-12-01 14:17:55', '2018-01-18 16:13:00', 1, 1, NULL),
	(130, 60, 3, 'http://invest.artist.com/systemConfig/index.html', '系统配置', '', NULL, '2017-12-05 14:27:02', '2018-01-19 10:54:38', 1, 1, NULL),
	(143, 120, 10, 'http://invest.artist.com/investment/investmentDistributionPieChart.html', '投资分布', '投资分布', NULL, '2017-12-14 17:39:10', '2018-01-25 15:48:12', 1, 1, NULL),
	(168, -1, 20, '', '投资理财', '', NULL, '2018-01-18 17:13:53', '2018-01-18 17:14:30', 1, 0, NULL),
	(169, 168, 10, 'http://invest.artist.com/bankCard/index.html', '银行卡', '', NULL, '2018-01-18 17:15:26', '2018-01-18 17:17:39', 1, 1, NULL),
	(170, 168, 20, 'http://invest.artist.com/investmentPlatform/index.html', '投资平台', '', NULL, '2018-01-18 17:15:57', '2018-01-18 17:17:43', 1, 1, NULL),
	(171, 168, 30, 'http://invest.artist.com/investment/index.html', '投资记录', '', NULL, '2018-01-18 17:16:22', '2018-01-18 17:17:47', 1, 1, NULL),
	(172, 169, 1, 'http://invest.artist.com/selectDialog/user.html', '选择用户', '选择用户', NULL, '2018-01-19 11:34:55', '2018-01-19 11:36:03', 1, 2, NULL),
	(173, 171, 1, 'http://invest.artist.com/selectDialog/bankCard.html', '选择银行卡', '选择银行卡', NULL, '2018-01-22 17:02:10', '2018-01-22 17:02:19', 1, 2, NULL),
	(174, 120, 20, 'http://invest.artist.com/investment/profitDistributionPieChart.html', '投资收益分布', '投资收益分布', NULL, '2018-01-25 15:48:05', '2018-01-25 15:48:41', 1, 1, NULL),
	(175, 120, 30, 'http://invest.artist.com/investment/investmentStats.html', '投资统计', '投资统计', NULL, '2018-01-25 16:54:04', '2018-01-25 16:54:35', 1, 1, NULL),
	(176, 168, 40, 'http://invest.artist.com/paymentRecord/index.html', '收支明细', '', NULL, '2018-01-30 11:40:02', '2018-01-30 11:40:11', 1, 1, NULL),
	(177, 168, 50, 'http://invest.artist.com/investment/compute.html', '投资计算器', '', NULL, '2018-02-09 15:45:23', '2018-02-09 15:45:37', 1, 1, NULL);
/*!40000 ALTER TABLE `menu` ENABLE KEYS */;

-- 导出  表 investment.payment_record 结构
CREATE TABLE IF NOT EXISTS `payment_record` (
  `id` bigint(20) NOT NULL AUTO_INCREMENT COMMENT 'ID',
  `user_name` varchar(20) DEFAULT NULL COMMENT '用户',
  `platform_name` varchar(20) DEFAULT NULL COMMENT '资金去向##投资平台或银行卡号',
  `name` varchar(50) DEFAULT NULL COMMENT '名称',
  `type` int(11) DEFAULT NULL COMMENT '类型##{provider:"paymentRecordTypePro                               vider", data:[{value:1,text:"收入"},{value:2, text:"支出"},{value:3, text:"应收"},{value:4, text:"应付"}]}',
  `initial_amount` bigint(20) DEFAULT NULL COMMENT '初始金额',
  `target_amount` bigint(20) DEFAULT NULL COMMENT '目标金额',
  `balance` bigint(20) DEFAULT NULL COMMENT '余额',
  `notes` varchar(250) DEFAULT NULL COMMENT '备注信息',
  `created_name` varchar(20) DEFAULT NULL COMMENT '创建人',
  `created` timestamp NULL DEFAULT CURRENT_TIMESTAMP COMMENT '创建时间',
  PRIMARY KEY (`id`)
) ENGINE=InnoDB AUTO_INCREMENT=48 DEFAULT CHARSET=utf8 COMMENT='收支记录';

-- 正在导出表  investment.payment_record 的数据：~25 rows (大约)
/*!40000 ALTER TABLE `payment_record` DISABLE KEYS */;
INSERT INTO `payment_record` (`id`, `user_name`, `platform_name`, `name`, `type`, `initial_amount`, `target_amount`, `balance`, `notes`, `created_name`, `created`) VALUES
	(1, '王宓', '达人贷', '到期投资', 1, 1006164, 0, 1006164, '到期投资:新手专享,10061.64元, 到期时间:2018-01-26', '过期投资扫描器', '2018-02-01 09:15:10'),
	(2, '小田', '达人贷', '到期投资', 1, 1006164, 0, 1006164, '到期投资:新手专享,10061.64元, 到期时间:2018-01-26', '过期投资扫描器', '2018-02-01 09:15:11'),
	(3, '王宓', '达人贷', '新增投资', 2, 0, 1006164, 0, '新增投资:半年高收益MA2018842741,1006164,到期时间:2018-07-27', '手工数据库录入', '2018-02-01 09:33:04'),
	(4, '小田', '达人贷', '新增投资', 2, 0, 1006164, 0, '新增投资:半年高收益MA2018842741,1006164,到期时间:2018-07-27', '手工数据库录入', '2018-02-01 09:35:03'),
	(14, '王宓', '恒大金服', '到期投资', 1, 5070712, 0, 5070712, '到期投资:限量秒杀添利9-2号,50707.12元, 到期时间:2018-01-31', '过期投资扫描器', '2018-02-01 14:40:32'),
	(16, '王宓', '余额宝', '修改投资', 1, 7873313, 7873313, 5070712, '修改投资:余额宝,从78733.13元,到78733.13元,从2018-01-11到2018-01-11,利率3.97%,加息:0.0%,券抵扣:0.00元', '王宓', '2018-02-02 15:52:34'),
	(17, '王宓', '团贷网', '新增投资', 2, 0, 3000000, 2070712, '新增投资:We计划C(18020215246133)30000.00元,从2018-02-02到2019-02-01,利率:11.0,加息:1.0%', '王宓', '2018-02-02 16:01:57'),
	(18, '王宓', '团贷网', '修改投资', 1, 3000000, 3000000, 2070712, '修改投资:We计划C(18020215246133),从30000.00元,到30000.00元,从2018-02-02到2019-02-01,利率11.0%,加息:1.0%,券抵扣:0.00元', '王宓', '2018-02-02 16:04:06'),
	(20, '王宓', '调整余额:-20732.12元', '调整余额', 2, 2073212, 0, 0, '提现', '王宓', '2018-02-02 16:09:26'),
	(21, '王宓', '团贷网', '新增投资', 2, 0, 583116, -583116, '新增投资:We计划B(18020210121718)5831.16元,从2018-02-02到2018-08-01,利率:9.5,加息:1.0%,券抵扣:168.84元', '王宓', '2018-02-02 16:29:48'),
	(22, '王宓', '团贷网', '新增投资', 2, 0, 1994000, -2577116, '新增投资:We计划C(18020215246133)19940.00元,从2018-02-02到2019-02-01,利率:11.0,加息:1.5%,券抵扣:60.00元', '王宓', '2018-02-02 16:46:19'),
	(23, '王宓', '团贷网', '新增投资', 2, 0, 2000000, -4577116, '新增投资:We计划C(18020215246133)20000.00元,从2018-02-02到2019-02-01,利率:11.0,加息:1.0%', '王宓', '2018-02-02 16:52:07'),
	(24, '王宓', '团贷网', '修改投资', 1, 3000000, 2997500, -4574616, '修改投资:We计划C(18020215246133),从30000.00元,到29975.00元,从2018-02-02到2019-02-01,利率11.0%,加息:1.0%,券抵扣:25.00元', '王宓', '2018-02-02 16:54:12'),
	(25, '王宓', '团贷网', '修改投资', 1, 2000000, 2000000, -4574616, '修改投资:We计划C(18020215246133),从20000.00元,到20000.00元,从2018-02-02到2019-02-01,利率11.0%,加息:1.5%,券抵扣:0.00元', '王宓', '2018-02-02 16:59:21'),
	(26, '王宓', '饭饭金服', '新增投资', 2, 0, 2005000, -6579616, '新增投资:铜饭碗20050.00元,从2018-02-03到2018-05-03,利率:7.5,加息:5.0%', '王宓', '2018-02-02 17:08:53'),
	(30, '王宓', '余额调整:75796.16元', '调整余额', 1, -7579616, 0, 0, '充值', '王宓', '2018-02-02 17:42:42'),
	(34, '王宓', '团贷网', '新增投资', 2, 0, 39500, 0, '新增投资:We计划A180205129305991000.00元,从2018-02-05到2018-05-04,利率:8.5,加息:1.0%', '王宓', '2018-02-05 14:34:37'),
	(35, '王宓', '余额调整:395.00元', '调整余额', 1, 0, 39500, 39500, '充值', '王宓', '2018-02-05 14:33:54'),
	(36, '王宓', '团贷网', '修改投资', 1, 39500, 39500, 0, '修改投资:We计划A18020512930599,从395.00元,到395.00元,从2018-02-07到2018-05-06,利率8.5%,加息:1.0%,券抵扣:605.00元', '王宓', '2018-02-07 17:18:03'),
	(37, '王宓', '团贷网', '修改投资', 1, 583116, 583116, 0, '修改投资:We计划B(18020210121718),从5831.16元,到5831.16元,从2018-02-05到2018-08-04,利率9.5%,加息:1.0%,券抵扣:168.84元', '王宓', '2018-02-07 17:21:22'),
	(38, '王宓', '团贷网', '修改投资', 1, 4000000, 4000000, 0, '修改投资:We计划B,从40000.00元,到40000.00元,从2018-01-12到2018-07-11,利率9.5%,加息:0.5%,券抵扣:0.00元', '王宓', '2018-02-07 17:22:53'),
	(39, '王宓', '饭饭金服', '修改投资', 1, 2005000, 2005000, 0, '修改投资:铜饭碗,从20050.00元,到20050.00元,从2018-02-02到2018-05-03,利率7.5%,加息:5.0%,券抵扣:0.00元', '王宓', '2018-02-07 17:25:11'),
	(40, '王宓', '余额调整:165000.00元', '调整余额', 1, 0, 16500000, 16500000, '添加爸那儿的信托投资', '王宓', '2018-02-07 17:32:14'),
	(41, '王宓', '四川信托', '新增投资', 2, 0, 16500000, 0, '新增投资:爸那信托投资,165000.00元,从2017-12-17到2019-06-16,利率:7.8', '王宓', '2018-02-07 17:32:23'),
	(42, '王宓', '积木盒子', '到期投资', 1, 5037342, 0, 5037342, '到期投资:新手专享,50373.42元, 到期时间:2018-02-09', '过期投资扫描器', '2018-02-09 14:39:01'),
	(43, '王宓', '积木盒子', '新增投资', 2, 0, 4550000, 487342, '新增投资:轻松投9个月20180209-1,45500.00元,从2018-02-09到2018-11-09,利率:8.6', '王宓', '2018-02-09 14:43:48'),
	(44, '王宓', '余额调整:170.00元', '调整余额', 1, 487342, 504342, 504342, '积木盒子投资轻松投9个月20180209-1后获得返现170元', '王宓', '2018-02-09 14:44:50'),
	(45, '王宓', '余额调整:-5043.42元', '调整余额', 2, 504342, 0, 0, '提现', '王宓', '2018-02-09 14:45:12'),
	(46, '王宓', '余额调整:9900.00元', '调整余额', 1, 0, 990000, 990000, '充值，准备购买宜定盈12月期', '王宓', '2018-02-09 15:10:40'),
	(47, '王宓', '宜人贷', '新增投资', 2, 0, 990000, 10000, '新增投资:宜定盈12月期[009012989],9900.00元,从2018-02-09到2019-02-08,利率:7.5,加息:0.8%,券抵扣:100.00元', '王宓', '2018-02-09 15:13:44');
/*!40000 ALTER TABLE `payment_record` ENABLE KEYS */;

-- 导出  表 investment.resource 结构
CREATE TABLE IF NOT EXISTS `resource` (
  `id` bigint(20) NOT NULL AUTO_INCREMENT COMMENT '主键',
  `name` varchar(255) NOT NULL COMMENT '名称',
  `description` varchar(255) DEFAULT NULL COMMENT '描述',
  `menu_id` bigint(20) NOT NULL COMMENT '外键，关联menu表',
  `code` varchar(255) DEFAULT NULL COMMENT '编码##原resource URL',
  `status` int(4) NOT NULL DEFAULT '1' COMMENT '状态##{data:[{value:1, text:"启用"},{value:0, text:"停用"}]}',
  `created` timestamp NOT NULL DEFAULT CURRENT_TIMESTAMP COMMENT '创建时间',
  `modified` timestamp NOT NULL DEFAULT CURRENT_TIMESTAMP ON UPDATE CURRENT_TIMESTAMP COMMENT '修改时间',
  `yn` int(4) NOT NULL DEFAULT '1' COMMENT '有效性##数据有效性，用于逻辑删除##{data:[{value:0, text:"无效"},{value:1, text:"有效"}]}',
  PRIMARY KEY (`id`),
  KEY `FK_RESOURCE_NAVBAR` (`menu_id`) USING BTREE
) ENGINE=InnoDB AUTO_INCREMENT=68 DEFAULT CHARSET=utf8 COMMENT='资源';

-- 正在导出表  investment.resource 的数据：~26 rows (大约)
/*!40000 ALTER TABLE `resource` DISABLE KEYS */;
INSERT INTO `resource` (`id`, `name`, `description`, `menu_id`, `code`, `status`, `created`, `modified`, `yn`) VALUES
	(1, '新增用户', '新增用户', 1, 'addUser', 1, '2017-07-21 02:14:53', '2017-12-18 16:48:44', 1),
	(2, '删除用户', '', 1, 'removeUser', 1, '2017-07-21 02:14:53', '2017-08-08 11:00:14', 1),
	(3, '修改用户', '', 1, 'editUser', 1, '2017-07-21 02:14:53', '2017-08-08 11:00:13', 1),
	(4, '禁用用户', '', 1, 'disableUser', 1, '2017-07-20 02:36:12', '2017-08-08 11:00:12', 1),
	(5, '启用用户', '', 1, 'enableUser', 1, '2017-07-21 02:14:53', '2017-08-08 10:32:25', 1),
	(6, '查看用户详情', '', 1, 'viewUserDetail', 1, '2017-07-21 02:14:53', '2017-08-08 10:58:01', 1),
	(7, '查看用户权限', '', 1, 'viewUserDataAuth', 1, '2017-07-21 02:14:53', '2017-07-31 10:15:00', 1),
	(8, '保存用户', '', 1, 'saveUser', 1, '2017-07-20 02:36:12', '2017-08-08 10:32:27', 1),
	(9, '取消保存用户', '', 1, 'cancelSaveUser', 1, '2017-07-21 02:14:53', '2017-07-31 10:13:16', 1),
	(10, '新增菜单', '', 2, 'addMenu', 1, '2017-07-28 00:22:43', '2017-08-08 11:00:19', 1),
	(11, '编辑菜单', '', 2, 'editMenu', 1, '2017-07-28 00:26:36', '2017-08-08 11:00:04', 1),
	(12, '删除菜单', '', 2, 'deleteMenu', 1, '2017-07-28 00:29:41', '2017-07-31 17:21:27', 1),
	(15, '分配用户角色', '', 1, 'grantRoleToUser', 1, '2017-07-21 02:14:53', '2017-07-31 10:14:59', 1),
	(20, '新增角色', '', 5, 'addRole', 1, '2017-07-21 02:14:53', '2017-08-04 15:41:01', 1),
	(21, '删除角色', '', 5, 'removeRole', 1, '2017-07-21 02:14:53', '2017-08-08 10:52:16', 1),
	(22, '修改角色', '', 5, 'editRole', 1, '2017-07-21 02:14:53', '2017-08-08 10:52:14', 1),
	(23, '查看角色权限', '', 5, 'viewRoleAuth', 1, '2017-07-21 02:14:53', '2017-08-08 10:52:13', 1),
	(24, '查看角色用户列表', '', 5, 'viewRoleUserList', 1, '2017-07-21 02:14:53', '2017-08-08 10:52:12', 1),
	(25, '保存角色', '', 5, 'saveRole', 1, '2017-07-20 02:36:12', '2017-08-08 10:52:11', 1),
	(26, '取消保存角色', '', 5, 'cancelSaveRole', 1, '2017-07-21 02:14:53', '2017-08-08 10:52:10', 1),
	(27, '删除角色用户关联', '', 5, 'unBindRoleUser', 1, '2017-07-21 02:14:53', '2017-08-08 10:52:09', 1),
	(31, '强制下线', '', 6, 'kickUserOffLine', 1, '2017-07-21 02:14:53', '2017-07-28 19:04:34', 1),
	(32, '新增部门', NULL, 75, 'addDept', 1, '2017-09-07 11:49:14', '2017-10-25 14:06:09', 1),
	(33, '编辑部门', NULL, 75, 'editDept', 1, '2017-09-07 11:49:50', '2017-10-25 14:06:11', 1),
	(34, '删除部门', NULL, 75, 'deleteDept', 1, '2017-09-07 11:50:02', '2017-10-25 14:06:13', 1),
	(67, '访问首页', NULL, 126, 'viewIndexPage', 1, '2017-12-18 16:23:17', '2017-12-18 16:23:17', 1);
/*!40000 ALTER TABLE `resource` ENABLE KEYS */;

-- 导出  表 investment.role 结构
CREATE TABLE IF NOT EXISTS `role` (
  `id` bigint(20) NOT NULL AUTO_INCREMENT COMMENT '主键',
  `role_name` varchar(255) NOT NULL COMMENT '角色名',
  `description` varchar(255) NOT NULL COMMENT '角色描述',
  `created` timestamp NOT NULL DEFAULT CURRENT_TIMESTAMP COMMENT '创建时间',
  `modified` timestamp NOT NULL DEFAULT CURRENT_TIMESTAMP ON UPDATE CURRENT_TIMESTAMP COMMENT '修改时间',
  PRIMARY KEY (`id`)
) ENGINE=InnoDB AUTO_INCREMENT=3 DEFAULT CHARSET=utf8 COMMENT='角色';

-- 正在导出表  investment.role 的数据：~2 rows (大约)
/*!40000 ALTER TABLE `role` DISABLE KEYS */;
INSERT INTO `role` (`id`, `role_name`, `description`, `created`, `modified`) VALUES
	(1, '超级管理员', '超级管理员', '2017-07-13 19:37:52', '2017-07-19 18:02:31'),
	(2, '普通用户', '普通用户', '2017-11-06 09:21:18', '2017-12-25 09:37:13');
/*!40000 ALTER TABLE `role` ENABLE KEYS */;

-- 导出  表 investment.role_data_auth 结构
CREATE TABLE IF NOT EXISTS `role_data_auth` (
  `id` bigint(20) NOT NULL AUTO_INCREMENT,
  `role_id` bigint(20) NOT NULL,
  `data_auth_id` bigint(20) NOT NULL,
  PRIMARY KEY (`id`)
) ENGINE=InnoDB DEFAULT CHARSET=utf8;

-- 正在导出表  investment.role_data_auth 的数据：~0 rows (大约)
/*!40000 ALTER TABLE `role_data_auth` DISABLE KEYS */;
/*!40000 ALTER TABLE `role_data_auth` ENABLE KEYS */;

-- 导出  表 investment.role_menu 结构
CREATE TABLE IF NOT EXISTS `role_menu` (
  `id` bigint(20) NOT NULL AUTO_INCREMENT COMMENT '主键',
  `role_id` bigint(20) NOT NULL COMMENT '角色ID##外键',
  `menu_id` bigint(20) NOT NULL COMMENT '菜单ID##外键',
  PRIMARY KEY (`id`),
  KEY `FK_ROLEMENU_ROLE` (`role_id`) USING BTREE,
  KEY `FK_MENUROLE_MENU` (`menu_id`) USING BTREE
) ENGINE=InnoDB AUTO_INCREMENT=3956 DEFAULT CHARSET=utf8 COMMENT='角色菜单关系';

-- 正在导出表  investment.role_menu 的数据：~26 rows (大约)
/*!40000 ALTER TABLE `role_menu` DISABLE KEYS */;
INSERT INTO `role_menu` (`id`, `role_id`, `menu_id`) VALUES
	(3703, 2, 126),
	(3930, 1, 4),
	(3931, 1, 1),
	(3932, 1, 97),
	(3933, 1, 2),
	(3934, 1, 5),
	(3935, 1, 98),
	(3936, 1, 99),
	(3937, 1, 6),
	(3938, 1, 75),
	(3939, 1, 60),
	(3940, 1, 72),
	(3941, 1, 74),
	(3942, 1, 130),
	(3943, 1, 120),
	(3944, 1, 143),
	(3945, 1, 174),
	(3946, 1, 175),
	(3947, 1, 126),
	(3948, 1, 168),
	(3949, 1, 169),
	(3950, 1, 172),
	(3951, 1, 170),
	(3952, 1, 171),
	(3953, 1, 173),
	(3954, 1, 176),
	(3955, 1, 177);
/*!40000 ALTER TABLE `role_menu` ENABLE KEYS */;

-- 导出  表 investment.role_resource 结构
CREATE TABLE IF NOT EXISTS `role_resource` (
  `id` bigint(20) NOT NULL AUTO_INCREMENT COMMENT '主键',
  `role_id` bigint(20) NOT NULL COMMENT '角色ID##外键',
  `resource_id` bigint(20) NOT NULL COMMENT '资源ID##外键',
  PRIMARY KEY (`id`),
  KEY `FK_ROLEPERMISSION_ROLE` (`role_id`) USING BTREE,
  KEY `FK_ROLEPERMISSION_RESOURCE` (`resource_id`) USING BTREE
) ENGINE=InnoDB AUTO_INCREMENT=5111 DEFAULT CHARSET=utf8 COMMENT='角色资源关系';

-- 正在导出表  investment.role_resource 的数据：~27 rows (大约)
/*!40000 ALTER TABLE `role_resource` DISABLE KEYS */;
INSERT INTO `role_resource` (`id`, `role_id`, `resource_id`) VALUES
	(4824, 2, 67),
	(5085, 1, 1),
	(5086, 1, 2),
	(5087, 1, 3),
	(5088, 1, 4),
	(5089, 1, 5),
	(5090, 1, 6),
	(5091, 1, 7),
	(5092, 1, 8),
	(5093, 1, 9),
	(5094, 1, 15),
	(5095, 1, 10),
	(5096, 1, 11),
	(5097, 1, 12),
	(5098, 1, 20),
	(5099, 1, 21),
	(5100, 1, 22),
	(5101, 1, 23),
	(5102, 1, 24),
	(5103, 1, 25),
	(5104, 1, 26),
	(5105, 1, 27),
	(5106, 1, 31),
	(5107, 1, 32),
	(5108, 1, 33),
	(5109, 1, 34),
	(5110, 1, 67);
/*!40000 ALTER TABLE `role_resource` ENABLE KEYS */;

-- 导出  表 investment.schedule_job 结构
CREATE TABLE IF NOT EXISTS `schedule_job` (
  `id` bigint(20) NOT NULL AUTO_INCREMENT,
  `created` timestamp NOT NULL DEFAULT CURRENT_TIMESTAMP COMMENT '创建时间',
  `modified` timestamp NOT NULL DEFAULT CURRENT_TIMESTAMP ON UPDATE CURRENT_TIMESTAMP COMMENT '修改时间',
  `job_name` varchar(40) DEFAULT NULL COMMENT '任务名',
  `job_group` varchar(40) DEFAULT NULL COMMENT '任务分组',
  `job_status` int(11) DEFAULT NULL COMMENT '是否启动任务##{provider:"jobStatusProvider", data:[{value:0, text:"无"},{value:1, text:"正常"},{value:2, text:"暂停"},{value:3, text:"完成"},{value:4, text:"错误"},{value:5, text:"阻塞"}]}',
  `job_data` varchar(1000) DEFAULT NULL COMMENT 'json',
  `cron_expression` varchar(40) DEFAULT NULL COMMENT 'cron表达式',
  `repeat_interval` int(11) DEFAULT NULL COMMENT '重复间隔(s)##简单调度，默认以秒为单位',
  `start_delay` int(11) DEFAULT NULL COMMENT '启动间隔(s)##启动调度器后，多少秒开始执行调度',
  `description` varchar(200) DEFAULT NULL COMMENT '描述',
  `bean_class` varchar(100) DEFAULT NULL COMMENT '任务调用类##任务执行时调用类的全名，用于反射',
  `spring_id` varchar(40) DEFAULT NULL COMMENT 'SpringBeanId##spring的beanId，直接从spring中获取',
  `url` varchar(100) DEFAULT NULL COMMENT 'url##支持远程调用restful url',
  `is_concurrent` int(11) DEFAULT NULL COMMENT '任务是否有状态##1：并发; 0:同步##{provider:"isConcurrentProvider", data:[{value:0, text:"同步"},{value:1, text:"并发"}]}',
  `method_name` varchar(40) DEFAULT NULL COMMENT '任务调用的方法名##bean_class和spring_id需要配置方法名',
  PRIMARY KEY (`id`)
) ENGINE=InnoDB AUTO_INCREMENT=29 DEFAULT CHARSET=utf8 COMMENT='任务调度';

-- 正在导出表  investment.schedule_job 的数据：~2 rows (大约)
/*!40000 ALTER TABLE `schedule_job` DISABLE KEYS */;
INSERT INTO `schedule_job` (`id`, `created`, `modified`, `job_name`, `job_group`, `job_status`, `job_data`, `cron_expression`, `repeat_interval`, `start_delay`, `description`, `bean_class`, `spring_id`, `url`, `is_concurrent`, `method_name`) VALUES
	(20, '2017-11-01 15:01:31', '2018-01-18 16:52:23', 'quartzRecycleJob', 'system', 1, '{"code":"test-001","created":"2017-11-08 08:57:51","docUrl":"redmine","emailNotice":1,"git":"git","id":45,"market":"HD","projectId":103,"projectPhase":"Design","publishMemberId":42,"releaseTime":"2017-11-08 08:57:51","version":"0.0.1"}', NULL, 1800, 3, '调度器回收(勿动)', NULL, 'quartzRecycleJob', NULL, 0, 'scan'),
	(26, '2018-02-01 12:57:16', '2018-02-01 12:57:16', 'ScanExpiredInvestmentJob', 'investment', 1, NULL, '0 0 0 * * ?', NULL, 5, NULL, NULL, 'scanExpiredInvestmentJob', NULL, 0, 'scan');
/*!40000 ALTER TABLE `schedule_job` ENABLE KEYS */;

-- 导出  表 investment.system_config 结构
CREATE TABLE IF NOT EXISTS `system_config` (
  `id` bigint(20) NOT NULL AUTO_INCREMENT,
  `name` varchar(100) DEFAULT NULL,
  `code` varchar(100) DEFAULT NULL,
  `value` varchar(100) DEFAULT NULL,
  `notes` varchar(255) DEFAULT NULL,
  `created` timestamp NOT NULL DEFAULT CURRENT_TIMESTAMP COMMENT '创建时间',
  `modified` timestamp NOT NULL DEFAULT CURRENT_TIMESTAMP ON UPDATE CURRENT_TIMESTAMP COMMENT '修改时间',
  `yn` int(4) DEFAULT NULL COMMENT '是否可用##{provider:"ynProvider"}',
  PRIMARY KEY (`id`)
) ENGINE=InnoDB DEFAULT CHARSET=utf8 COMMENT='配置系统变量,';

-- 正在导出表  investment.system_config 的数据：~0 rows (大约)
/*!40000 ALTER TABLE `system_config` DISABLE KEYS */;
/*!40000 ALTER TABLE `system_config` ENABLE KEYS */;

-- 导出  表 investment.user 结构
CREATE TABLE IF NOT EXISTS `user` (
  `id` bigint(20) NOT NULL AUTO_INCREMENT COMMENT '主键',
  `user_name` varchar(50) NOT NULL COMMENT '用户名',
  `password` varchar(128) NOT NULL COMMENT '密码',
  `last_login_ip` varchar(20) DEFAULT NULL COMMENT '最后登录ip',
  `last_login_time` timestamp NOT NULL DEFAULT CURRENT_TIMESTAMP ON UPDATE CURRENT_TIMESTAMP COMMENT '最后登录时间',
  `created` timestamp NOT NULL DEFAULT CURRENT_TIMESTAMP COMMENT '创建时间',
  `modified` timestamp NOT NULL DEFAULT CURRENT_TIMESTAMP ON UPDATE CURRENT_TIMESTAMP COMMENT '修改时间',
  `status` int(4) NOT NULL DEFAULT '1' COMMENT '状态##状态##{data:[{value:1,text:"启用"},{value:0,text:"停用"}]}',
  `yn` int(4) NOT NULL COMMENT '有效性##数据有效性，用于逻辑删除##{data:[{value:0, text:"无效"},{value:1, text:"有效"}]}',
  `real_name` varchar(64) NOT NULL DEFAULT 'system_default' COMMENT '真实姓名',
  `serial_number` varchar(128) NOT NULL DEFAULT '000' COMMENT '用户编号',
  `fixed_line_telephone` varchar(24) DEFAULT NULL COMMENT '固定电话',
  `cellphone` varchar(24) NOT NULL COMMENT '手机号码',
  `email` varchar(64) NOT NULL COMMENT '邮箱',
  `valid_time_begin` timestamp NOT NULL DEFAULT CURRENT_TIMESTAMP COMMENT '有效时间开始点',
  `balance` bigint(20) NOT NULL DEFAULT '0' COMMENT '余额',
  `valid_time_end` timestamp NULL DEFAULT NULL COMMENT '有效时间结束点',
  PRIMARY KEY (`id`)
) ENGINE=InnoDB AUTO_INCREMENT=185 DEFAULT CHARSET=utf8 COMMENT='用户';

-- 正在导出表  investment.user 的数据：~3 rows (大约)
/*!40000 ALTER TABLE `user` DISABLE KEYS */;
INSERT INTO `user` (`id`, `user_name`, `password`, `last_login_ip`, `last_login_time`, `created`, `modified`, `status`, `yn`, `real_name`, `serial_number`, `fixed_line_telephone`, `cellphone`, `email`, `valid_time_begin`, `balance`, `valid_time_end`) VALUES
	(1, 'admin', '178591FD5BB0C24851', '127.0.0.1', '2018-02-09 15:45:48', '2017-07-11 14:13:04', '2018-02-09 15:17:01', 1, 1, '王宓', '001', '0281234567', '18108087570', 'yangfuchun@diligrp.com', '2017-07-11 14:13:04', 0, '2018-07-12 00:00:00'),
	(2, 'tiantian', '3949BA59ABBE56E057', '127.0.0.1', '2018-02-01 09:45:04', '2018-01-24 17:58:57', '2018-02-01 09:45:04', 1, 1, '小田', '002', NULL, '18108087571', '11266133@qq.com', '2018-01-24 17:58:57', 0, NULL),
	(181, 'lsy', '3949BA59ABBE56E057', NULL, '2018-01-27 18:04:56', '2018-01-27 18:04:56', '2018-01-27 18:04:56', 1, 1, '小刘', '003', NULL, '18980758605', '471061925@qq.com', '2018-01-27 18:04:56', 0, NULL);
/*!40000 ALTER TABLE `user` ENABLE KEYS */;

-- 导出  表 investment.user_data_auth 结构
CREATE TABLE IF NOT EXISTS `user_data_auth` (
  `id` bigint(20) NOT NULL AUTO_INCREMENT,
  `data_auth_id` bigint(20) NOT NULL COMMENT '数据权限表id',
  `user_id` bigint(20) NOT NULL COMMENT '用户id',
  PRIMARY KEY (`id`)
) ENGINE=InnoDB DEFAULT CHARSET=utf8 COMMENT='数据权限';

-- 正在导出表  investment.user_data_auth 的数据：~0 rows (大约)
/*!40000 ALTER TABLE `user_data_auth` DISABLE KEYS */;
/*!40000 ALTER TABLE `user_data_auth` ENABLE KEYS */;

-- 导出  表 investment.user_department 结构
CREATE TABLE IF NOT EXISTS `user_department` (
  `id` bigint(20) NOT NULL AUTO_INCREMENT,
  `department_id` bigint(20) NOT NULL COMMENT '部门id',
  `user_id` bigint(20) NOT NULL COMMENT '用户id',
  PRIMARY KEY (`id`)
) ENGINE=InnoDB AUTO_INCREMENT=35287 DEFAULT CHARSET=utf8 COMMENT='用户部门关系';

-- 正在导出表  investment.user_department 的数据：~3 rows (大约)
/*!40000 ALTER TABLE `user_department` DISABLE KEYS */;
INSERT INTO `user_department` (`id`, `department_id`, `user_id`) VALUES
	(35271, 1, 2),
	(35272, 1, 181),
	(35286, 1, 1);
/*!40000 ALTER TABLE `user_department` ENABLE KEYS */;

-- 导出  表 investment.user_platform 结构
CREATE TABLE IF NOT EXISTS `user_platform` (
  `id` bigint(20) NOT NULL,
  `user_id` bigint(20) DEFAULT NULL COMMENT '投资人id',
  `platform_id` bigint(20) DEFAULT NULL COMMENT '投资平台id',
  PRIMARY KEY (`id`)
) ENGINE=InnoDB DEFAULT CHARSET=utf8 COMMENT='用户平台关系';

-- 正在导出表  investment.user_platform 的数据：~0 rows (大约)
/*!40000 ALTER TABLE `user_platform` DISABLE KEYS */;
/*!40000 ALTER TABLE `user_platform` ENABLE KEYS */;

-- 导出  表 investment.user_role 结构
CREATE TABLE IF NOT EXISTS `user_role` (
  `id` bigint(20) NOT NULL AUTO_INCREMENT COMMENT '主键',
  `user_id` bigint(20) NOT NULL COMMENT '用户id##外键',
  `role_id` bigint(20) NOT NULL COMMENT '角色id##外键',
  PRIMARY KEY (`id`),
  KEY `FK_USERROLE_USER` (`user_id`) USING BTREE,
  KEY `FK_USERROLE_ROLE` (`role_id`) USING BTREE
) ENGINE=InnoDB AUTO_INCREMENT=293 DEFAULT CHARSET=utf8 COMMENT='用户角色关系';

-- 正在导出表  investment.user_role 的数据：~3 rows (大约)
/*!40000 ALTER TABLE `user_role` DISABLE KEYS */;
INSERT INTO `user_role` (`id`, `user_id`, `role_id`) VALUES
	(278, 2, 1),
	(279, 181, 1),
	(292, 1, 1);
/*!40000 ALTER TABLE `user_role` ENABLE KEYS */;

/*!40101 SET SQL_MODE=IFNULL(@OLD_SQL_MODE, '') */;
/*!40014 SET FOREIGN_KEY_CHECKS=IF(@OLD_FOREIGN_KEY_CHECKS IS NULL, 1, @OLD_FOREIGN_KEY_CHECKS) */;
/*!40101 SET CHARACTER_SET_CLIENT=@OLD_CHARACTER_SET_CLIENT */;
